construct_a,construct_b,htmt
CSA,CL,0.862
FSS,CL,0.669
FSS,CSA,0.568
HSS,CL,0.591
HSS,CSA,0.772
HSS,FSS,0.653
PBE,CL,0.475
PBE,CSA,0.696
PBE,FSS,0.445
PBE,HSS,0.75
PPF,CL,0.692
PPF,CSA,0.728
PPF,FSS,0.575
PPF,HSS,0.579
PPF,PBE,0.663
PSP,CL,0.596
PSP,CSA,0.581
PSP,FSS,0.537
PSP,HSS,0.41
PSP,PBE,0.399
PSP,PPF,0.586
SEQ,CL,0.671
SEQ,CSA,0.842
SEQ,FSS,0.526
SEQ,HSS,0.637
SEQ,PBE,0.554
SEQ,PPF,0.616
SEQ,PSP,0.579
SSS,CL,0.649
SSS,CSA,0.675
SSS,FSS,0.806
SSS,HSS,0.883
SSS,PBE,0.655
SSS,PPF,0.602
SSS,PSP,0.549
SSS,SEQ,0.61
USE,CL,0.535
USE,CSA,0.641
USE,FSS,0.581
USE,HSS,0.587
USE,PBE,0.506
USE,PPF,0.567
USE,PSP,0.526
USE,SEQ,0.473
USE,SSS,0.593
VSS,CL,0.509
VSS,CSA,0.629
VSS,FSS,0.644
VSS,HSS,0.896
VSS,PBE,0.706
VSS,PPF,0.489
VSS,PSP,0.426
VSS,SEQ,0.55
VSS,SSS,0.818
VSS,USE,0.566
