construct,item,outer_loading
CL,CL1,0.829
CL,CL2,0.846
CL,CL3,0.856
CL,CL4,0.836
CL,CL5,0.834
CL,CL6,0.816
CL,CL7,0.842
CSA,CSA1,0.869
CSA,CSA2,0.838
CSA,CSA3,0.837
FSS,FSS1,0.867
FSS,FSS2,0.869
FSS,FSS3,0.866
HSS,HSS1,0.788
HSS,HSS2,0.886
HSS,HSS3,0.793
HSS,HSS4,0.819
PBE,PBE2,0.744
PBE,PBE3,0.715
PBE,PBE4,0.788
PBE,PBE5,0.839
PBE,PBE7,0.79
PBE,PBE8,0.807
PBE,PBE9,0.799
PPF,PPF1,0.863
PPF,PPF2,0.787
PPF,PPF3,0.825
PPF,PPF4,0.819
PSP,PSP1,0.78
PSP,PSP2,0.821
PSP,PSP3,0.841
PSP,PSP4,0.859
PSP,PSP5,0.776
PSP,PSP6,0.854
SEQ,SEQ2,0.776
SEQ,SEQ3,0.817
SEQ,SEQ4,0.736
SEQ,SEQ5,0.804
SEQ,SEQ6,0.794
SSS,SSS1,0.874
SSS,SSS2,0.848
SSS,SSS4,0.807
USE,USE1,0.898
USE,USE2,0.9
USE,USE3,0.858
VSS,VSS1,0.845
VSS,VSS2,0.856
VSS,VSS3,0.804
