item,vif
CL1,2.604
CL2,2.829
CL3,2.82
CL4,2.613
CL5,2.5
CL6,2.526
CL7,2.599
CSA1,1.905
CSA2,1.694
CSA3,1.679
FSS1,1.979
FSS2,1.958
FSS3,1.892
HSS1,1.727
HSS2,2.404
HSS3,1.713
HSS4,1.838
PBE2,1.811
PBE3,1.661
PBE4,2.146
PBE5,2.557
PBE7,2.072
PBE8,2.125
PBE9,2.131
PPF1,2.147
PPF2,1.806
PPF3,1.921
PPF4,1.841
PSP1,1.925
PSP2,2.329
PSP3,2.519
PSP4,2.55
PSP5,1.995
PSP6,2.541
SEQ2,1.824
SEQ3,1.94
SEQ4,1.542
SEQ5,1.821
SEQ6,1.769
SSS1,1.899
SSS2,1.777
SSS4,1.536
USE1,2.559
USE2,2.587
USE3,1.85
VSS1,1.636
VSS2,1.788
VSS3,1.543
